{
  "best_model": "LogisticRegression",
  "raw_results": {
    "train_accuracy": 0.8061358930924148,
    "test_accuracy": 0.8142292490118577,
    "gap": -0.008093355919442824
  },
  "baseline_comparison": {
    "random": 0.4937888198757764,
    "logistic_regression": 0.7876905702992659,
    "rf_raw": 0.9785431959345002,
    "your_model": 0.8142292490118577,
    "improvement_from_raw": -0.16431394692264256
  },
  "honest_assessment": {
    "verdict": "\u2705 REALISTIC",
    "recommended_accuracy_for_hackathon": "81%",
    "realistic_range": "75-85%",
    "is_dataset_realistic": false
  }
}